merge_mode,frame,island_mbs,island_vs_edited_max,island_vs_edited_mean,island_mbs_differing,island_mbs_visible,skip_vs_orig_max,skip_mbs_differing,skip_vs_orig_mean,skip_mbs_visible,nongadget_vs_orig_max,nongadget_mbs_differing,nongadget_vs_orig_mean,nongadget_mbs_visible,gadget_vs_edited_max,gadget_mean_luma
baseline_full_reencode,0,0,0,0.0000,0,0,0,0,0.0000,0,0,0,0.0000,0,0,NaN
baseline_full_reencode,1,0,0,0.0000,0,0,0,0,0.0000,0,0,0,0.0000,0,0,NaN
baseline_full_reencode,2,0,0,0.0000,0,0,0,0,0.0000,0,0,0,0.0000,0,0,NaN
baseline_full_reencode,3,0,0,0.0000,0,0,0,0,0.0000,0,0,0,0.0000,0,0,NaN
baseline_full_reencode,4,0,0,0.0000,0,0,0,0,0.0000,0,0,0,0.0000,0,0,NaN
baseline_full_reencode,5,0,0,0.0000,0,0,0,0,0.0000,0,0,0,0.0000,0,0,NaN
baseline_full_reencode,6,0,0,0.0000,0,0,0,0,0.0000,0,0,0,0.0000,0,0,NaN
baseline_full_reencode,7,0,0,0.0000,0,0,0,0,0.0000,0,0,0,0.0000,0,0,NaN
baseline_full_reencode,8,0,0,0.0000,0,0,0,0,0.0000,0,0,0,0.0000,0,0,NaN
baseline_full_reencode,9,0,0,0.0000,0,0,0,0,0.0000,0,0,0,0.0000,0,0,NaN
baseline_full_reencode,10,0,0,0.0000,0,0,0,0,0.0000,0,0,0,0.0000,0,0,NaN
baseline_full_reencode,11,0,0,0.0000,0,0,0,0,0.0000,0,0,0,0.0000,0,0,NaN
baseline_full_reencode,12,0,0,0.0000,0,0,0,0,0.0000,0,0,0,0.0000,0,0,NaN
baseline_full_reencode,13,0,0,0.0000,0,0,0,0,0.0000,0,0,0,0.0000,0,0,NaN
baseline_full_reencode,14,920,0,0.0000,0,0,24,1318,0.2997,42,24,1318,0.2997,42,0,2.44
baseline_full_reencode,15,920,0,0.0000,0,0,26,2074,0.6245,73,26,2074,0.6245,73,0,2.44
baseline_full_reencode,16,0,0,0.0000,0,0,31,3232,1.2178,307,31,3232,1.2178,307,0,NaN
baseline_full_reencode,17,0,0,0.0000,0,0,26,3468,1.3496,153,26,3468,1.3496,153,0,NaN
baseline_full_reencode,18,0,0,0.0000,0,0,25,3545,1.6606,301,25,3545,1.6606,301,0,NaN
baseline_full_reencode,19,0,0,0.0000,0,0,33,3560,1.7495,261,33,3560,1.7495,261,0,NaN
baseline_full_reencode,20,0,0,0.0000,0,0,38,3570,1.8101,258,38,3570,1.8101,258,0,NaN
baseline_full_reencode,21,0,0,0.0000,0,0,28,3580,1.9670,310,28,3580,1.9670,310,0,NaN
baseline_full_reencode,22,0,0,0.0000,0,0,32,3592,2.0950,324,32,3592,2.0950,324,0,NaN
baseline_full_reencode,23,0,0,0.0000,0,0,28,3594,2.0826,226,28,3594,2.0826,226,0,NaN
baseline_full_reencode,24,0,0,0.0000,0,0,26,3597,2.2531,417,26,3597,2.2531,417,0,NaN
baseline_full_reencode,25,0,0,0.0000,0,0,30,3598,2.2456,388,30,3598,2.2456,388,0,NaN
baseline_full_reencode,26,0,0,0.0000,0,0,28,3598,2.2119,291,28,3598,2.2119,291,0,NaN
baseline_full_reencode,27,0,0,0.0000,0,0,24,3599,2.2859,377,24,3599,2.2859,377,0,NaN
baseline_full_reencode,28,0,0,0.0000,0,0,25,3599,2.3669,468,25,3599,2.3669,468,0,NaN
baseline_full_reencode,29,0,0,0.0000,0,0,27,3600,2.3841,441,27,3600,2.3841,441,0,NaN
control_all_from_f14,0,0,0,0.0000,0,0,0,0,0.0000,0,0,0,0.0000,0,0,NaN
control_all_from_f14,1,0,0,0.0000,0,0,0,0,0.0000,0,0,0,0.0000,0,0,NaN
control_all_from_f14,2,0,0,0.0000,0,0,0,0,0.0000,0,0,0,0.0000,0,0,NaN
control_all_from_f14,3,0,0,0.0000,0,0,0,0,0.0000,0,0,0,0.0000,0,0,NaN
control_all_from_f14,4,0,0,0.0000,0,0,0,0,0.0000,0,0,0,0.0000,0,0,NaN
control_all_from_f14,5,0,0,0.0000,0,0,0,0,0.0000,0,0,0,0.0000,0,0,NaN
control_all_from_f14,6,0,0,0.0000,0,0,0,0,0.0000,0,0,0,0.0000,0,0,NaN
control_all_from_f14,7,0,0,0.0000,0,0,0,0,0.0000,0,0,0,0.0000,0,0,NaN
control_all_from_f14,8,0,0,0.0000,0,0,0,0,0.0000,0,0,0,0.0000,0,0,NaN
control_all_from_f14,9,0,0,0.0000,0,0,0,0,0.0000,0,0,0,0.0000,0,0,NaN
control_all_from_f14,10,0,0,0.0000,0,0,0,0,0.0000,0,0,0,0.0000,0,0,NaN
control_all_from_f14,11,0,0,0.0000,0,0,0,0,0.0000,0,0,0,0.0000,0,0,NaN
control_all_from_f14,12,0,0,0.0000,0,0,0,0,0.0000,0,0,0,0.0000,0,0,NaN
control_all_from_f14,13,0,0,0.0000,0,0,0,0,0.0000,0,0,0,0.0000,0,0,NaN
control_all_from_f14,14,3600,0,0.0000,0,0,0,0,0.0000,0,24,1318,0.2997,42,0,2.44
control_all_from_f14,15,3600,0,0.0000,0,0,0,0,0.0000,0,26,2074,0.6245,73,0,2.44
control_all_from_f14,16,3600,0,0.0000,0,0,0,0,0.0000,0,31,3232,1.2178,307,0,NaN
control_all_from_f14,17,3600,0,0.0000,0,0,0,0,0.0000,0,26,3468,1.3496,153,0,NaN
control_all_from_f14,18,3600,0,0.0000,0,0,0,0,0.0000,0,25,3545,1.6606,301,0,NaN
control_all_from_f14,19,3600,0,0.0000,0,0,0,0,0.0000,0,33,3560,1.7495,261,0,NaN
control_all_from_f14,20,3600,0,0.0000,0,0,0,0,0.0000,0,38,3570,1.8101,258,0,NaN
control_all_from_f14,21,3600,0,0.0000,0,0,0,0,0.0000,0,28,3580,1.9670,310,0,NaN
control_all_from_f14,22,3600,0,0.0000,0,0,0,0,0.0000,0,32,3592,2.0950,324,0,NaN
control_all_from_f14,23,3600,0,0.0000,0,0,0,0,0.0000,0,28,3594,2.0826,226,0,NaN
control_all_from_f14,24,3600,0,0.0000,0,0,0,0,0.0000,0,26,3597,2.2531,417,0,NaN
control_all_from_f14,25,3600,0,0.0000,0,0,0,0,0.0000,0,30,3598,2.2456,388,0,NaN
control_all_from_f14,26,3600,0,0.0000,0,0,0,0,0.0000,0,28,3598,2.2119,291,0,NaN
control_all_from_f14,27,3600,0,0.0000,0,0,0,0,0.0000,0,24,3599,2.2859,377,0,NaN
control_all_from_f14,28,3600,0,0.0000,0,0,0,0,0.0000,0,25,3599,2.3669,468,0,NaN
control_all_from_f14,29,3600,0,0.0000,0,0,0,0,0.0000,0,27,3600,2.3841,441,0,NaN
geometric_halo0,0,0,0,0.0000,0,0,0,0,0.0000,0,0,0,0.0000,0,0,NaN
geometric_halo0,1,0,0,0.0000,0,0,0,0,0.0000,0,0,0,0.0000,0,0,NaN
geometric_halo0,2,0,0,0.0000,0,0,0,0,0.0000,0,0,0,0.0000,0,0,NaN
geometric_halo0,3,0,0,0.0000,0,0,0,0,0.0000,0,0,0,0.0000,0,0,NaN
geometric_halo0,4,0,0,0.0000,0,0,0,0,0.0000,0,0,0,0.0000,0,0,NaN
geometric_halo0,5,0,0,0.0000,0,0,0,0,0.0000,0,0,0,0.0000,0,0,NaN
geometric_halo0,6,0,0,0.0000,0,0,0,0,0.0000,0,0,0,0.0000,0,0,NaN
geometric_halo0,7,0,0,0.0000,0,0,0,0,0.0000,0,0,0,0.0000,0,0,NaN
geometric_halo0,8,0,0,0.0000,0,0,0,0,0.0000,0,0,0,0.0000,0,0,NaN
geometric_halo0,9,0,0,0.0000,0,0,0,0,0.0000,0,0,0,0.0000,0,0,NaN
geometric_halo0,10,0,0,0.0000,0,0,0,0,0.0000,0,0,0,0.0000,0,0,NaN
geometric_halo0,11,0,0,0.0000,0,0,0,0,0.0000,0,0,0,0.0000,0,0,NaN
geometric_halo0,12,0,0,0.0000,0,0,0,0,0.0000,0,0,0,0.0000,0,0,NaN
geometric_halo0,13,0,0,0.0000,0,0,0,0,0.0000,0,0,0,0.0000,0,0,NaN
geometric_halo0,14,920,11,0.0016,35,0,135,1106,2.6522,756,135,1106,2.6522,756,11,2.44
geometric_halo0,15,920,8,0.0024,46,0,157,1092,3.2608,778,157,1092,3.2608,778,8,2.44
geometric_halo0,16,0,0,0.0000,0,0,248,1989,26.8506,1606,248,1989,26.8506,1606,0,NaN
geometric_halo0,17,0,0,0.0000,0,0,255,1998,26.8880,1631,255,1998,26.8880,1631,0,NaN
geometric_halo0,18,0,0,0.0000,0,0,238,2014,26.6812,1660,238,2014,26.6812,1660,0,NaN
geometric_halo0,19,0,0,0.0000,0,0,238,2014,26.6122,1667,238,2014,26.6122,1667,0,NaN
geometric_halo0,20,0,0,0.0000,0,0,237,2019,26.6247,1668,237,2019,26.6247,1668,0,NaN
geometric_halo0,21,0,0,0.0000,0,0,238,2022,26.4651,1684,238,2022,26.4651,1684,0,NaN
geometric_halo0,22,0,0,0.0000,0,0,239,2025,26.2917,1663,239,2025,26.2917,1663,0,NaN
geometric_halo0,23,0,0,0.0000,0,0,234,2024,26.2704,1667,234,2024,26.2704,1667,0,NaN
geometric_halo0,24,0,0,0.0000,0,0,232,2026,26.2041,1663,232,2026,26.2041,1663,0,NaN
geometric_halo0,25,0,0,0.0000,0,0,241,2027,26.1916,1666,241,2027,26.1916,1666,0,NaN
geometric_halo0,26,0,0,0.0000,0,0,232,2028,26.2339,1673,232,2028,26.2339,1673,0,NaN
geometric_halo0,27,0,0,0.0000,0,0,230,2032,26.1660,1669,230,2032,26.1660,1669,0,NaN
geometric_halo0,28,0,0,0.0000,0,0,236,2030,26.0950,1656,236,2030,26.0950,1656,0,NaN
geometric_halo0,29,0,0,0.0000,0,0,228,2031,25.9954,1652,228,2031,25.9954,1652,0,NaN
geometric_halo1,0,0,0,0.0000,0,0,0,0,0.0000,0,0,0,0.0000,0,0,NaN
geometric_halo1,1,0,0,0.0000,0,0,0,0,0.0000,0,0,0,0.0000,0,0,NaN
geometric_halo1,2,0,0,0.0000,0,0,0,0,0.0000,0,0,0,0.0000,0,0,NaN
geometric_halo1,3,0,0,0.0000,0,0,0,0,0.0000,0,0,0,0.0000,0,0,NaN
geometric_halo1,4,0,0,0.0000,0,0,0,0,0.0000,0,0,0,0.0000,0,0,NaN
geometric_halo1,5,0,0,0.0000,0,0,0,0,0.0000,0,0,0,0.0000,0,0,NaN
geometric_halo1,6,0,0,0.0000,0,0,0,0,0.0000,0,0,0,0.0000,0,0,NaN
geometric_halo1,7,0,0,0.0000,0,0,0,0,0.0000,0,0,0,0.0000,0,0,NaN
geometric_halo1,8,0,0,0.0000,0,0,0,0,0.0000,0,0,0,0.0000,0,0,NaN
geometric_halo1,9,0,0,0.0000,0,0,0,0,0.0000,0,0,0,0.0000,0,0,NaN
geometric_halo1,10,0,0,0.0000,0,0,0,0,0.0000,0,0,0,0.0000,0,0,NaN
geometric_halo1,11,0,0,0.0000,0,0,0,0,0.0000,0,0,0,0.0000,0,0,NaN
geometric_halo1,12,0,0,0.0000,0,0,0,0,0.0000,0,0,0,0.0000,0,0,NaN
geometric_halo1,13,0,0,0.0000,0,0,0,0,0.0000,0,0,0,0.0000,0,0,NaN
geometric_halo1,14,1050,27,0.0273,64,3,95,697,0.9633,377,95,818,0.9463,385,13,2.44
geometric_halo1,15,1050,71,0.0890,99,13,115,845,1.4633,469,115,973,1.4685,488,12,2.45
geometric_halo1,16,0,0,0.0000,0,0,248,1892,25.6288,1303,248,1892,25.6288,1303,0,NaN
geometric_halo1,17,0,0,0.0000,0,0,255,1907,25.6761,1326,255,1907,25.6761,1326,0,NaN
geometric_halo1,18,0,0,0.0000,0,0,238,1914,25.4908,1341,238,1914,25.4908,1341,0,NaN
geometric_halo1,19,0,0,0.0000,0,0,238,1916,25.4316,1348,238,1916,25.4316,1348,0,NaN
geometric_halo1,20,0,0,0.0000,0,0,237,1919,25.4508,1359,237,1919,25.4508,1359,0,NaN
geometric_halo1,21,0,0,0.0000,0,0,238,1920,25.3048,1370,238,1920,25.3048,1370,0,NaN
geometric_halo1,22,0,0,0.0000,0,0,239,1923,25.1463,1369,239,1923,25.1463,1369,0,NaN
geometric_halo1,23,0,0,0.0000,0,0,234,1925,25.1318,1369,234,1925,25.1318,1369,0,NaN
geometric_halo1,24,0,0,0.0000,0,0,232,1920,25.0726,1381,232,1920,25.0726,1381,0,NaN
geometric_halo1,25,0,0,0.0000,0,0,241,1928,25.0692,1373,241,1928,25.0692,1373,0,NaN
geometric_halo1,26,0,0,0.0000,0,0,232,1928,25.1237,1394,232,1928,25.1237,1394,0,NaN
geometric_halo1,27,0,0,0.0000,0,0,230,1930,25.0693,1381,230,1930,25.0693,1381,0,NaN
geometric_halo1,28,0,0,0.0000,0,0,236,1934,25.0087,1378,236,1934,25.0087,1378,0,NaN
geometric_halo1,29,0,0,0.0000,0,0,228,1936,24.9185,1368,228,1936,24.9185,1368,0,NaN
geometric_halo2,0,0,0,0.0000,0,0,0,0,0.0000,0,0,0,0.0000,0,0,NaN
geometric_halo2,1,0,0,0.0000,0,0,0,0,0.0000,0,0,0,0.0000,0,0,NaN
geometric_halo2,2,0,0,0.0000,0,0,0,0,0.0000,0,0,0,0.0000,0,0,NaN
geometric_halo2,3,0,0,0.0000,0,0,0,0,0.0000,0,0,0,0.0000,0,0,NaN
geometric_halo2,4,0,0,0.0000,0,0,0,0,0.0000,0,0,0,0.0000,0,0,NaN
geometric_halo2,5,0,0,0.0000,0,0,0,0,0.0000,0,0,0,0.0000,0,0,NaN
geometric_halo2,6,0,0,0.0000,0,0,0,0,0.0000,0,0,0,0.0000,0,0,NaN
geometric_halo2,7,0,0,0.0000,0,0,0,0,0.0000,0,0,0,0.0000,0,0,NaN
geometric_halo2,8,0,0,0.0000,0,0,0,0,0.0000,0,0,0,0.0000,0,0,NaN
geometric_halo2,9,0,0,0.0000,0,0,0,0,0.0000,0,0,0,0.0000,0,0,NaN
geometric_halo2,10,0,0,0.0000,0,0,0,0,0.0000,0,0,0,0.0000,0,0,NaN
geometric_halo2,11,0,0,0.0000,0,0,0,0,0.0000,0,0,0,0.0000,0,0,NaN
geometric_halo2,12,0,0,0.0000,0,0,0,0,0.0000,0,0,0,0.0000,0,0,NaN
geometric_halo2,13,0,0,0.0000,0,0,0,0,0.0000,0,0,0,0.0000,0,0,NaN
geometric_halo2,14,1188,86,0.0815,75,14,76,171,0.0991,49,86,362,0.1554,67,31,2.46
geometric_halo2,15,1188,66,0.1640,144,33,73,492,0.6115,240,73,723,0.6832,284,40,2.47
geometric_halo2,16,0,0,0.0000,0,0,248,1650,25.1059,1101,248,1650,25.1059,1101,0,NaN
geometric_halo2,17,0,0,0.0000,0,0,255,1672,25.1661,1134,255,1672,25.1661,1134,0,NaN
geometric_halo2,18,0,0,0.0000,0,0,238,1682,24.9788,1154,238,1682,24.9788,1154,0,NaN
geometric_halo2,19,0,0,0.0000,0,0,238,1687,24.9282,1163,238,1687,24.9282,1163,0,NaN
geometric_halo2,20,0,0,0.0000,0,0,237,1690,24.9479,1159,237,1690,24.9479,1159,0,NaN
geometric_halo2,21,0,0,0.0000,0,0,238,1696,24.8110,1178,238,1696,24.8110,1178,0,NaN
geometric_halo2,22,0,0,0.0000,0,0,239,1694,24.6569,1178,239,1694,24.6569,1178,0,NaN
geometric_halo2,23,0,0,0.0000,0,0,234,1701,24.6487,1174,234,1701,24.6487,1174,0,NaN
geometric_halo2,24,0,0,0.0000,0,0,232,1702,24.5917,1186,232,1702,24.5917,1186,0,NaN
geometric_halo2,25,0,0,0.0000,0,0,241,1710,24.5907,1177,241,1710,24.5907,1177,0,NaN
geometric_halo2,26,0,0,0.0000,0,0,232,1712,24.6466,1192,232,1712,24.6466,1192,0,NaN
geometric_halo2,27,0,0,0.0000,0,0,230,1721,24.6004,1197,230,1721,24.6004,1197,0,NaN
geometric_halo2,28,0,0,0.0000,0,0,236,1728,24.5429,1191,236,1728,24.5429,1191,0,NaN
geometric_halo2,29,0,0,0.0000,0,0,228,1733,24.4576,1190,228,1733,24.4576,1190,0,NaN
geometric_halo4,0,0,0,0.0000,0,0,0,0,0.0000,0,0,0,0.0000,0,0,NaN
geometric_halo4,1,0,0,0.0000,0,0,0,0,0.0000,0,0,0,0.0000,0,0,NaN
geometric_halo4,2,0,0,0.0000,0,0,0,0,0.0000,0,0,0,0.0000,0,0,NaN
geometric_halo4,3,0,0,0.0000,0,0,0,0,0.0000,0,0,0,0.0000,0,0,NaN
geometric_halo4,4,0,0,0.0000,0,0,0,0,0.0000,0,0,0,0.0000,0,0,NaN
geometric_halo4,5,0,0,0.0000,0,0,0,0,0.0000,0,0,0,0.0000,0,0,NaN
geometric_halo4,6,0,0,0.0000,0,0,0,0,0.0000,0,0,0,0.0000,0,0,NaN
geometric_halo4,7,0,0,0.0000,0,0,0,0,0.0000,0,0,0,0.0000,0,0,NaN
geometric_halo4,8,0,0,0.0000,0,0,0,0,0.0000,0,0,0,0.0000,0,0,NaN
geometric_halo4,9,0,0,0.0000,0,0,0,0,0.0000,0,0,0,0.0000,0,0,NaN
geometric_halo4,10,0,0,0.0000,0,0,0,0,0.0000,0,0,0,0.0000,0,0,NaN
geometric_halo4,11,0,0,0.0000,0,0,0,0,0.0000,0,0,0,0.0000,0,0,NaN
geometric_halo4,12,0,0,0.0000,0,0,0,0,0.0000,0,0,0,0.0000,0,0,NaN
geometric_halo4,13,0,0,0.0000,0,0,0,0,0.0000,0,0,0,0.0000,0,0,NaN
geometric_halo4,14,1488,38,0.0184,58,4,72,80,0.0378,17,72,405,0.1046,30,0,2.44
geometric_halo4,15,1488,44,0.1606,152,46,66,239,0.1410,59,66,691,0.3240,120,39,2.44
geometric_halo4,16,0,0,0.0000,0,0,248,1619,24.8713,942,248,1619,24.8713,942,0,NaN
geometric_halo4,17,0,0,0.0000,0,0,255,1634,24.9330,976,255,1634,24.9330,976,0,NaN
geometric_halo4,18,0,0,0.0000,0,0,238,1648,24.7454,990,238,1648,24.7454,990,0,NaN
geometric_halo4,19,0,0,0.0000,0,0,238,1651,24.6969,998,238,1651,24.6969,998,0,NaN
geometric_halo4,20,0,0,0.0000,0,0,237,1665,24.7149,998,237,1665,24.7149,998,0,NaN
geometric_halo4,21,0,0,0.0000,0,0,238,1666,24.5833,1018,238,1666,24.5833,1018,0,NaN
geometric_halo4,22,0,0,0.0000,0,0,239,1664,24.4321,1019,239,1664,24.4321,1019,0,NaN
geometric_halo4,23,0,0,0.0000,0,0,234,1668,24.4261,1015,234,1668,24.4261,1015,0,NaN
geometric_halo4,24,0,0,0.0000,0,0,232,1676,24.3728,1030,232,1676,24.3728,1030,0,NaN
geometric_halo4,25,0,0,0.0000,0,0,241,1679,24.3715,1023,241,1679,24.3715,1023,0,NaN
geometric_halo4,26,0,0,0.0000,0,0,232,1688,24.4301,1044,232,1688,24.4301,1044,0,NaN
geometric_halo4,27,0,0,0.0000,0,0,230,1683,24.3891,1039,230,1683,24.3891,1039,0,NaN
geometric_halo4,28,0,0,0.0000,0,0,236,1690,24.3348,1039,236,1690,24.3348,1039,0,NaN
geometric_halo4,29,0,0,0.0000,0,0,228,1698,24.2511,1037,228,1698,24.2511,1037,0,NaN
geometric_halo8,0,0,0,0.0000,0,0,0,0,0.0000,0,0,0,0.0000,0,0,NaN
geometric_halo8,1,0,0,0.0000,0,0,0,0,0.0000,0,0,0,0.0000,0,0,NaN
geometric_halo8,2,0,0,0.0000,0,0,0,0,0.0000,0,0,0,0.0000,0,0,NaN
geometric_halo8,3,0,0,0.0000,0,0,0,0,0.0000,0,0,0,0.0000,0,0,NaN
geometric_halo8,4,0,0,0.0000,0,0,0,0,0.0000,0,0,0,0.0000,0,0,NaN
geometric_halo8,5,0,0,0.0000,0,0,0,0,0.0000,0,0,0,0.0000,0,0,NaN
geometric_halo8,6,0,0,0.0000,0,0,0,0,0.0000,0,0,0,0.0000,0,0,NaN
geometric_halo8,7,0,0,0.0000,0,0,0,0,0.0000,0,0,0,0.0000,0,0,NaN
geometric_halo8,8,0,0,0.0000,0,0,0,0,0.0000,0,0,0,0.0000,0,0,NaN
geometric_halo8,9,0,0,0.0000,0,0,0,0,0.0000,0,0,0,0.0000,0,0,NaN
geometric_halo8,10,0,0,0.0000,0,0,0,0,0.0000,0,0,0,0.0000,0,0,NaN
geometric_halo8,11,0,0,0.0000,0,0,0,0,0.0000,0,0,0,0.0000,0,0,NaN
geometric_halo8,12,0,0,0.0000,0,0,0,0,0.0000,0,0,0,0.0000,0,0,NaN
geometric_halo8,13,0,0,0.0000,0,0,0,0,0.0000,0,0,0,0.0000,0,0,NaN
geometric_halo8,14,2184,44,0.0751,103,24,65,234,0.3385,77,65,901,0.3692,115,0,2.44
geometric_halo8,15,2184,107,0.2239,163,47,85,301,0.5289,100,107,1245,0.7119,176,0,2.44
geometric_halo8,16,0,0,0.0000,0,0,248,2196,25.1428,1009,248,2196,25.1428,1009,0,NaN
geometric_halo8,17,0,0,0.0000,0,0,255,2238,25.1982,1042,255,2238,25.1982,1042,0,NaN
geometric_halo8,18,0,0,0.0000,0,0,238,2253,25.0112,1057,238,2253,25.0112,1057,0,NaN
geometric_halo8,19,0,0,0.0000,0,0,238,2265,24.9609,1064,238,2265,24.9609,1064,0,NaN
geometric_halo8,20,0,0,0.0000,0,0,237,2276,24.9827,1067,237,2276,24.9827,1067,0,NaN
geometric_halo8,21,0,0,0.0000,0,0,238,2275,24.8449,1086,238,2275,24.8449,1086,0,NaN
geometric_halo8,22,0,0,0.0000,0,0,239,2282,24.6941,1083,239,2282,24.6941,1083,0,NaN
geometric_halo8,23,0,0,0.0000,0,0,234,2291,24.6884,1082,234,2291,24.6884,1082,0,NaN
geometric_halo8,24,0,0,0.0000,0,0,232,2300,24.6324,1100,232,2300,24.6324,1100,0,NaN
geometric_halo8,25,0,0,0.0000,0,0,241,2306,24.6336,1086,241,2306,24.6336,1086,0,NaN
geometric_halo8,26,0,0,0.0000,0,0,232,2324,24.6911,1115,232,2324,24.6911,1115,0,NaN
geometric_halo8,27,0,0,0.0000,0,0,230,2327,24.6465,1105,230,2327,24.6465,1105,0,NaN
geometric_halo8,28,0,0,0.0000,0,0,236,2327,24.5894,1113,236,2327,24.5894,1113,0,NaN
geometric_halo8,29,0,0,0.0000,0,0,228,2331,24.5053,1103,228,2331,24.5053,1103,0,NaN
pmv_closure_halo1,0,0,0,0.0000,0,0,0,0,0.0000,0,0,0,0.0000,0,0,NaN
pmv_closure_halo1,1,0,0,0.0000,0,0,0,0,0.0000,0,0,0,0.0000,0,0,NaN
pmv_closure_halo1,2,0,0,0.0000,0,0,0,0,0.0000,0,0,0,0.0000,0,0,NaN
pmv_closure_halo1,3,0,0,0.0000,0,0,0,0,0.0000,0,0,0,0.0000,0,0,NaN
pmv_closure_halo1,4,0,0,0.0000,0,0,0,0,0.0000,0,0,0,0.0000,0,0,NaN
pmv_closure_halo1,5,0,0,0.0000,0,0,0,0,0.0000,0,0,0,0.0000,0,0,NaN
pmv_closure_halo1,6,0,0,0.0000,0,0,0,0,0.0000,0,0,0,0.0000,0,0,NaN
pmv_closure_halo1,7,0,0,0.0000,0,0,0,0,0.0000,0,0,0,0.0000,0,0,NaN
pmv_closure_halo1,8,0,0,0.0000,0,0,0,0,0.0000,0,0,0,0.0000,0,0,NaN
pmv_closure_halo1,9,0,0,0.0000,0,0,0,0,0.0000,0,0,0,0.0000,0,0,NaN
pmv_closure_halo1,10,0,0,0.0000,0,0,0,0,0.0000,0,0,0,0.0000,0,0,NaN
pmv_closure_halo1,11,0,0,0.0000,0,0,0,0,0.0000,0,0,0,0.0000,0,0,NaN
pmv_closure_halo1,12,0,0,0.0000,0,0,0,0,0.0000,0,0,0,0.0000,0,0,NaN
pmv_closure_halo1,13,0,0,0.0000,0,0,0,0,0.0000,0,0,0,0.0000,0,0,NaN
pmv_closure_halo1,14,1050,27,0.0273,64,3,95,697,0.9633,377,95,818,0.9463,385,13,2.44
pmv_closure_halo1,15,1091,82,0.1806,133,29,115,783,1.4013,423,115,952,1.4300,461,12,2.45
pmv_closure_halo1,16,1039,174,4.6160,876,503,117,900,1.7761,560,177,1938,2.8237,1118,0,NaN
pmv_closure_halo1,17,1113,176,4.9864,987,570,129,891,1.7365,540,173,2002,2.9566,1149,0,NaN
pmv_closure_halo1,18,1178,174,5.1029,1086,655,125,950,1.7591,550,173,2128,3.0943,1257,0,NaN
pmv_closure_halo1,19,1239,172,4.9865,1169,713,127,901,1.6334,494,176,2140,3.0272,1257,0,NaN
pmv_closure_halo1,20,1260,172,5.3323,1200,725,143,893,1.5745,474,176,2153,3.1345,1263,0,NaN
pmv_closure_halo1,21,1287,169,5.8972,1242,805,144,885,1.5153,441,164,2172,3.3300,1308,0,NaN
pmv_closure_halo1,22,1288,162,6.1043,1252,865,140,905,1.4838,428,163,2193,3.3960,1349,0,NaN
pmv_closure_halo1,23,1344,165,6.2713,1320,927,131,849,1.4158,382,162,2193,3.4682,1347,0,NaN
pmv_closure_halo1,24,1370,172,6.3279,1356,953,135,824,1.3677,373,173,2194,3.5248,1386,0,NaN
pmv_closure_halo1,25,1420,173,6.2754,1409,998,117,783,1.2142,331,172,2203,3.4821,1388,0,NaN
pmv_closure_halo1,26,1465,170,6.2748,1451,1019,129,747,1.3670,331,171,2212,3.6205,1395,0,NaN
pmv_closure_halo1,27,1480,170,6.3745,1470,1067,110,733,1.1849,300,174,2213,3.5824,1399,0,NaN
pmv_closure_halo1,28,1482,167,6.4323,1480,1077,126,739,1.1405,299,170,2221,3.5980,1420,0,NaN
pmv_closure_halo1,29,1496,169,6.9966,1496,1128,118,745,1.1099,288,177,2241,3.8214,1466,0,NaN
pmv_closure_halo2,0,0,0,0.0000,0,0,0,0,0.0000,0,0,0,0.0000,0,0,NaN
pmv_closure_halo2,1,0,0,0.0000,0,0,0,0,0.0000,0,0,0,0.0000,0,0,NaN
pmv_closure_halo2,2,0,0,0.0000,0,0,0,0,0.0000,0,0,0,0.0000,0,0,NaN
pmv_closure_halo2,3,0,0,0.0000,0,0,0,0,0.0000,0,0,0,0.0000,0,0,NaN
pmv_closure_halo2,4,0,0,0.0000,0,0,0,0,0.0000,0,0,0,0.0000,0,0,NaN
pmv_closure_halo2,5,0,0,0.0000,0,0,0,0,0.0000,0,0,0,0.0000,0,0,NaN
pmv_closure_halo2,6,0,0,0.0000,0,0,0,0,0.0000,0,0,0,0.0000,0,0,NaN
pmv_closure_halo2,7,0,0,0.0000,0,0,0,0,0.0000,0,0,0,0.0000,0,0,NaN
pmv_closure_halo2,8,0,0,0.0000,0,0,0,0,0.0000,0,0,0,0.0000,0,0,NaN
pmv_closure_halo2,9,0,0,0.0000,0,0,0,0,0.0000,0,0,0,0.0000,0,0,NaN
pmv_closure_halo2,10,0,0,0.0000,0,0,0,0,0.0000,0,0,0,0.0000,0,0,NaN
pmv_closure_halo2,11,0,0,0.0000,0,0,0,0,0.0000,0,0,0,0.0000,0,0,NaN
pmv_closure_halo2,12,0,0,0.0000,0,0,0,0,0.0000,0,0,0,0.0000,0,0,NaN
pmv_closure_halo2,13,0,0,0.0000,0,0,0,0,0.0000,0,0,0,0.0000,0,0,NaN
pmv_closure_halo2,14,1188,86,0.0815,75,14,76,171,0.0991,49,86,362,0.1554,67,31,2.46
pmv_closure_halo2,15,1232,66,0.2314,178,44,73,473,0.5961,234,73,746,0.6976,291,40,2.47
pmv_closure_halo2,16,1167,174,4.4267,972,548,117,769,1.1921,407,177,1920,2.4882,1011,0,NaN
pmv_closure_halo2,17,1237,176,4.6830,1087,612,88,739,1.1173,394,173,1965,2.5799,1047,0,NaN
pmv_closure_halo2,18,1297,174,4.9777,1195,711,122,833,1.2385,421,173,2125,2.8375,1158,0,NaN
pmv_closure_halo2,19,1364,172,4.9957,1281,769,132,785,1.5837,432,176,2146,3.1286,1252,0,NaN
pmv_closure_halo2,20,1390,172,5.4569,1338,815,171,811,1.5893,408,176,2199,3.3348,1265,0,NaN
pmv_closure_halo2,21,1412,171,6.3150,1403,941,147,869,1.5003,411,165,2279,3.6057,1404,0,NaN
pmv_closure_halo2,22,1418,164,6.3348,1414,978,137,872,1.6855,390,163,2289,3.7617,1420,0,NaN
pmv_closure_halo2,23,1472,172,6.4149,1467,1020,132,815,1.5587,345,168,2286,3.7760,1418,0,NaN
pmv_closure_halo2,24,1494,177,6.3316,1494,1052,141,807,1.4896,333,173,2301,3.7627,1439,0,NaN
pmv_closure_halo2,25,1528,172,6.3659,1528,1088,141,773,1.3458,304,167,2301,3.7363,1438,0,NaN
pmv_closure_halo2,26,1567,177,6.6540,1567,1120,155,738,1.3312,298,174,2305,3.8904,1470,0,NaN
pmv_closure_halo2,27,1575,170,7.0694,1575,1180,157,731,1.1996,281,173,2306,3.9996,1502,0,NaN
pmv_closure_halo2,28,1576,167,6.8742,1576,1154,150,734,1.2229,280,178,2310,3.9697,1493,0,NaN
pmv_closure_halo2,29,1584,169,7.1384,1584,1193,137,730,1.1762,271,177,2314,4.0595,1499,0,NaN
